"","0","1","2","3","4","5","6","7","8","9","10","11","12","13","14","15","16","17","18","19","20","21","22","23","24","25","26","27","28","29","30","31","32","33","34","35","36","37","38","39","40"
"1876",9313.64,7822.98,6570.9,5519.22,4635.87,3893.9,3270.68,2747.21,2307.52,1938.2,1627.99,1367.43,1148.58,964.749,810.342,680.648,571.711,480.209,403.352,338.796,284.572,239.027,200.771,168.638,141.648,118.977,99.9351,83.9406,70.506,59.2217,49.7433,41.782,35.0948,29.478,24.7601,20.7972,17.4687,14.6728,12.3245,10.352,54.3283
"1877",9313.67,7823.01,6570.92,5519.24,4635.87,3893.88,3270.64,2747.16,2307.47,1938.16,1627.96,1367.4,1148.55,964.727,810.323,680.632,571.697,480.198,403.343,338.788,284.566,239.021,200.766,168.634,141.644,118.974,99.9327,83.9386,70.5044,59.2202,49.7421,41.781,35.094,29.4773,24.7595,20.7968,17.4683,14.6725,12.3242,10.3517,54.327
"1878",9313.7,7823.03,6570.95,5519.26,4635.89,3893.88,3270.62,2747.12,2307.43,1938.12,1627.92,1367.37,1148.53,964.705,810.305,680.616,571.684,480.187,403.333,338.78,284.559,239.016,200.762,168.63,141.641,118.972,99.9303,83.9366,70.5027,59.2188,49.741,41.78,35.0932,29.4766,24.7589,20.7963,17.4678,14.6721,12.3239,10.3515,54.3257
"1879",9313.74,7823.06,6570.97,5519.28,4635.9,3893.89,3270.62,2747.11,2307.4,1938.08,1627.89,1367.34,1148.5,964.683,810.286,680.6,571.671,480.176,403.324,338.772,284.552,239.01,200.757,168.626,141.638,118.969,99.928,83.9346,70.501,59.2174,49.7398,41.779,35.0923,29.4759,24.7583,20.7958,17.4674,14.6718,12.3236,10.3512,54.3244
"1880",9313.79,7823.09,6570.99,5519.29,4635.92,3893.9,3270.63,2747.11,2307.38,1938.05,1627.86,1367.31,1148.47,964.661,810.268,680.585,571.658,480.165,403.315,338.765,284.546,239.005,200.752,168.622,141.634,118.966,99.9256,83.9327,70.4994,59.216,49.7386,41.778,35.0915,29.4752,24.7577,20.7953,17.467,14.6715,12.3233,10.351,54.3231
"1881",9313.75,7823.13,6571.02,5519.31,4635.86,3893.61,3270.11,2746.52,2306.83,1937.56,1627.43,1366.94,1148.16,964.398,810.046,680.399,571.501,480.033,403.204,338.672,284.468,238.939,200.697,168.576,141.595,118.933,99.8982,83.9096,70.48,59.1998,49.7249,41.7665,35.0819,29.4671,24.7509,20.7896,17.4622,14.6674,12.3199,10.3481,54.3082
"1882",9313.62,7823.1,6571.05,5519.33,4635.8,3893.26,3269.34,2745.49,2305.78,1936.62,1626.61,1366.24,1147.56,963.893,809.622,680.042,571.201,479.781,402.993,338.494,284.318,238.814,200.592,168.487,141.521,118.871,99.8457,83.8655,70.443,59.1687,49.6988,41.7446,35.0634,29.4516,24.7379,20.7786,17.453,14.6597,12.3134,10.3427,54.2796
"1883",9313.41,7822.99,6571.02,5519.36,4635.75,3892.91,3268.52,2744.25,2304.36,1935.26,1625.41,1365.21,1146.69,963.149,808.995,679.515,570.758,479.409,402.68,338.231,284.098,238.628,200.436,168.356,141.411,118.778,99.7682,83.8004,70.3883,59.1227,49.6602,41.7122,35.0362,29.4287,24.7187,20.7625,17.4395,14.6483,12.3039,10.3347,54.2374
"1884",9313.14,7822.81,6570.93,5519.33,4635.7,3892.56,3267.69,2742.96,2302.77,1933.59,1623.86,1363.86,1145.53,962.17,808.167,678.817,570.172,478.916,402.266,337.884,283.806,238.383,200.23,168.183,141.266,118.656,99.6656,83.7142,70.3159,59.0619,49.6091,41.6693,35.0002,29.3984,24.6933,20.7411,17.4216,14.6333,12.2912,10.324,54.1817
"1885",9312.8,7822.58,6570.79,5519.25,4635.6,3892.21,3266.87,2741.67,2301.13,1931.76,1622.04,1362.22,1144.11,960.959,807.141,677.951,569.443,478.304,401.751,337.451,283.442,238.078,199.974,167.968,141.085,118.504,99.538,83.607,70.2258,58.9863,49.5456,41.6159,34.9553,29.3608,24.6616,20.7146,17.3992,14.6145,12.2755,10.3108,54.1123
"1886",9312.41,7822.3,6570.59,5519.12,4635.46,3891.82,3266.04,2740.38,2299.49,1929.91,1620.11,1360.35,1142.44,959.523,805.921,676.919,568.573,477.571,401.136,336.934,283.008,237.713,199.667,167.711,140.869,118.323,99.3853,83.4788,70.1182,58.8958,49.4696,41.5521,34.9017,29.3158,24.6238,20.6828,17.3726,14.5921,12.2567,10.295,54.0293
"1887",9311.98,7821.98,6570.36,5518.96,4635.28,3891.39,3265.19,2739.09,2297.85,1928.05,1618.14,1358.38,1140.59,957.88,804.512,675.725,567.563,476.72,400.42,336.332,282.503,237.288,199.31,167.411,140.617,118.111,99.2078,83.3297,69.9929,58.7906,49.3812,41.4778,34.8394,29.2634,24.5798,20.6459,17.3415,14.566,12.2348,10.2766,53.9327
"1888",9311.52,7821.62,6570.08,5518.76,4635.07,3890.94,3264.3,2737.77,2296.2,1926.18,1616.17,1356.39,1138.65,956.083,802.93,674.372,566.417,475.752,399.604,335.647,281.926,236.804,198.904,167.069,140.33,117.87,99.0053,83.1596,69.85,58.6706,49.2804,41.3932,34.7682,29.2036,24.5296,20.6037,17.3061,14.5363,12.2098,10.2556,53.8226
"1889",9311.02,7821.22,6569.78,5518.53,4634.83,3890.45,3263.37,2736.41,2294.53,1924.32,1614.2,1354.39,1136.68,954.21,801.219,672.873,565.138,474.67,398.691,334.877,281.279,236.26,198.447,166.686,140.008,117.6,98.7779,82.9686,69.6896,58.5358,49.1673,41.2981,34.6884,29.1366,24.4733,20.5564,17.2664,14.5029,12.1817,10.2321,53.699
"1890",9310.51,7820.81,6569.45,5518.27,4634.56,3889.93,3262.43,2735.04,2292.84,1922.43,1612.22,1352.39,1134.72,952.321,799.444,671.267,563.738,473.477,397.682,334.026,280.563,235.658,197.941,166.26,139.65,117.299,98.5258,82.7568,69.5117,58.3864,49.0417,41.1927,34.5998,29.0622,24.4108,20.5039,17.2223,14.4659,12.1506,10.2059,53.5619
"1891",9309.98,7820.37,6569.1,5517.99,4634.26,3889.4,3261.45,2733.63,2291.12,1920.52,1610.23,1350.39,1132.75,950.429,797.655,669.607,562.247,472.182,396.58,333.095,279.777,234.997,197.385,165.793,139.258,116.97,98.249,82.5243,69.3164,58.2224,48.9039,41.0769,34.5026,28.9805,24.3422,20.4463,17.1739,14.4252,12.1165,10.1773,53.4114
"1892",9309.44,7819.93,6568.74,5517.69,4633.95,3888.84,3260.46,2732.21,2289.37,1918.59,1608.21,1348.36,1130.78,948.535,795.865,667.936,560.712,470.811,395.393,332.086,278.925,234.278,196.78,165.285,138.831,116.611,97.9476,82.2712,69.1037,58.0438,48.7539,40.9509,34.3968,28.8916,24.2675,20.3835,17.1212,14.381,12.0793,10.146,53.2475
"1893",9308.91,7819.48,6568.36,5517.38,4633.63,3888.26,3259.45,2730.76,2287.61,1916.64,1606.18,1346.33,1128.79,946.639,794.072,666.263,559.167,469.404,394.142,331.006,278.008,233.504,196.128,164.736,138.369,116.223,97.6218,81.9975,68.8738,57.8506,48.5917,40.8146,34.2823,28.7955,24.1868,20.3157,17.0642,14.3331,12.0391,10.1123,53.0703
"1894",9308.39,7819.04,6567.99,5517.07,4633.3,3887.68,3258.42,2729.3,2285.83,1914.67,1604.12,1344.27,1126.79,944.729,792.278,664.589,557.621,467.988,392.861,329.873,277.031,232.675,195.428,164.147,137.874,115.807,97.2716,81.7033,68.6268,57.6431,48.4174,40.6682,34.1593,28.6922,24.1,20.2428,17.003,14.2817,11.9959,10.076,52.8799
"1895",9307.89,7818.6,6567.61,5516.75,4632.96,3887.08,3257.38,2727.82,2284.03,1912.68,1602.05,1342.2,1124.78,942.808,790.472,662.913,556.073,466.571,391.574,328.714,276.01,231.797,194.684,163.518,137.344,115.361,96.8974,81.3889,68.3627,57.4212,48.231,40.5117,34.0278,28.5817,24.0072,20.1649,16.9375,14.2267,11.9497,10.0372,52.6763
"1896",9307.41,7818.18,6567.24,5516.43,4632.61,3886.47,3256.33,2726.33,2282.21,1910.67,1599.97,1340.12,1122.75,940.874,788.656,661.228,554.525,465.154,390.286,327.55,274.969,230.882,193.898,162.852,136.783,114.888,96.4994,81.0544,68.0816,57.1852,48.0327,40.3451,33.8879,28.4642,23.9085,20.082,16.8679,14.1682,11.9006,9.99593,52.4597
"1897",9306.97,7817.78,6566.89,5516.12,4632.27,3885.86,3255.26,2724.82,2280.38,1908.65,1597.86,1338.01,1120.7,938.923,786.825,659.53,552.965,463.733,388.994,326.384,273.921,229.948,193.08,162.151,136.188,114.387,96.0776,80.6996,67.7834,56.9346,47.8223,40.1683,33.7394,28.3395,23.8037,19.994,16.794,14.1061,11.8484,9.95212,52.2297
"1898",9306.57,7817.4,6566.55,5515.82,4631.93,3885.25,3254.2,2723.31,2278.54,1906.61,1595.75,1335.9,1118.65,936.962,784.985,657.824,551.399,462.306,387.703,325.218,272.873,229.011,192.248,161.424,135.566,113.86,95.6333,80.3255,67.4688,56.6702,47.6001,39.9817,33.5827,28.2078,23.6932,19.9011,16.7159,14.0406,11.7934,9.90588,51.9871
"1899",9306.23,7817.07,6566.24,5515.53,4631.6,3884.65,3253.13,2721.79,2276.69,1904.57,1593.62,1333.77,1116.58,934.994,783.138,656.111,549.827,460.874,386.407,324.052,271.826,228.074,191.413,160.686,134.922,113.309,95.1673,79.9328,67.1382,56.3922,47.3665,39.7854,33.4178,28.0693,23.5768,19.8034,16.6339,13.9716,11.7355,9.85723,51.7317
"1900",9305.95,7816.78,6565.96,5515.27,4631.28,3884.05,3252.06,2720.26,2274.84,1902.52,1591.49,1331.64,1114.51,933.017,781.283,654.392,548.248,459.436,385.107,322.883,270.779,227.138,190.579,159.945,134.269,112.741,94.6816,79.522,66.792,56.1008,47.1214,39.5795,33.2448,27.924,23.4547,19.7008,16.5477,13.8993,11.6747,9.80619,51.4639
"1901",9305.76,7816.55,6565.72,5515.03,4630.98,3883.45,3250.99,2718.74,2272.97,1900.47,1589.35,1329.5,1112.42,931.033,779.421,652.666,546.664,457.994,383.802,321.709,269.729,226.202,189.746,159.206,133.615,112.165,94.1815,79.0948,66.4308,55.7965,46.8653,39.3641,33.0638,27.7719,23.327,19.5935,16.4576,13.8236,11.6111,9.75278,51.1836
"1902",9305.65,7816.38,6565.52,5514.82,4630.7,3882.87,3249.93,2717.21,2271.11,1898.4,1587.2,1327.35,1110.34,929.042,777.552,650.934,545.074,456.546,382.493,320.533,268.676,225.264,188.913,158.466,132.961,111.588,93.675,78.6557,66.0561,55.4797,46.5984,39.1396,32.875,27.6132,23.1937,19.4816,16.3636,13.7446,11.5448,9.69704,50.891
"1903",9305.65,7816.3,6565.38,5514.66,4630.45,3882.31,3248.88,2715.68,2269.24,1896.34,1585.05,1325.2,1108.24,927.045,775.679,649.196,543.479,455.095,381.181,319.353,267.62,224.323,188.078,157.728,132.307,111.012,93.1676,78.2114,65.6715,55.1517,46.3213,38.9061,32.6785,27.4481,23.0549,19.365,16.2656,13.6623,11.4757,9.63899,50.5863
"1904",9305.78,7816.3,6565.31,5514.54,4630.23,3881.77,3247.84,2714.16,2267.37,1894.26,1582.89,1323.04,1106.14,925.043,773.8,647.455,541.881,453.639,379.865,318.17,266.562,223.381,187.242,156.988,131.654,110.436,92.661,77.7665,65.2826,54.8156,46.0348,38.6641,32.4747,27.2766,22.9107,19.2438,16.1638,13.5768,11.4039,9.57867,50.2698
"1905",9306.05,7816.41,6565.31,5514.47,4630.05,3881.26,3246.81,2712.65,2265.51,1892.19,1580.73,1320.88,1104.03,923.036,771.917,645.709,540.279,452.181,378.546,316.984,265.502,222.437,186.404,156.247,131.001,109.861,92.1551,77.3224,64.8935,54.4761,45.7417,38.4145,32.2639,27.099,22.7614,19.1182,16.0583,13.4882,11.3294,9.51612,49.9415
"1906",9306.49,7816.63,6565.4,5514.47,4629.92,3880.77,3245.8,2711.15,2263.65,1890.12,1578.57,1318.71,1101.92,921.025,770.029,643.96,538.673,450.719,377.225,315.797,264.439,221.491,185.564,155.504,130.346,109.285,91.65,76.879,64.5051,54.1364,45.4458,38.1594,32.0467,26.9156,22.607,18.9883,15.9491,13.3964,11.2523,9.45137,49.6016
"1907",9307.11,7817,6565.59,5514.54,4629.84,3880.32,3244.82,2709.66,2261.79,1888.05,1576.4,1316.54,1099.81,919.009,768.138,642.207,537.065,449.256,375.902,314.607,263.376,220.543,184.724,154.761,129.691,108.709,91.1445,76.4364,64.1174,53.7974,45.1499,37.902,31.825,26.7271,22.4477,18.8543,15.8363,13.3016,11.1726,9.38445,49.2504
"1908",9307.95,7817.52,6565.9,5514.7,4629.82,3879.92,3243.86,2708.18,2259.94,1885.98,1574.24,1314.37,1097.69,916.991,766.244,640.452,535.454,447.789,374.576,313.416,262.31,219.595,183.883,154.018,129.036,108.133,90.6387,75.9936,63.7305,53.4592,44.8548,37.6447,31.6016,26.5348,22.2843,18.7163,15.7202,13.2039,11.0905,9.31543,48.888
"1909",9309.01,7818.22,6566.34,5514.95,4629.87,3879.56,3242.94,2706.73,2258.11,1883.92,1572.07,1312.19,1095.58,914.97,764.347,638.693,533.841,446.321,373.249,312.224,261.244,218.646,183.041,153.273,128.38,107.556,90.1328,75.5508,63.3436,53.1218,44.5603,37.3881,31.3783,26.3411,22.1178,18.5748,15.6007,13.1033,11.0059,9.24434,48.5148
"1910",9310.36,7819.12,6566.93,5515.32,4630,3879.27,3242.06,2705.31,2256.29,1881.87,1569.91,1310.02,1093.46,912.948,762.448,636.933,532.225,444.851,371.921,311.03,260.177,217.696,182.198,152.528,127.723,106.979,89.6268,75.108,62.9568,52.7844,44.2665,37.1322,31.1557,26.1476,21.9501,18.4308,15.4784,13.0001,10.9191,9.17128,48.1309
"1911",9312.01,7820.25,6567.68,5515.81,4630.23,3879.04,3241.22,2703.91,2254.49,1879.83,1567.76,1307.85,1091.34,910.925,760.548,635.171,530.608,443.38,370.591,309.836,259.109,216.745,181.355,151.783,127.067,106.402,89.1209,74.6653,62.5701,52.4473,43.973,36.877,30.9337,25.9548,21.7828,18.286,15.3541,12.8946,10.83,9.09632,47.7366
"1912",9314.01,7821.64,6568.63,5516.44,4630.56,3878.88,3240.44,2702.55,2252.72,1877.8,1565.62,1305.69,1089.23,908.903,758.648,633.408,528.991,441.907,369.261,308.64,258.041,215.794,180.512,151.038,126.41,105.825,88.615,74.2227,62.1836,52.1103,43.6797,36.6221,30.7124,25.7626,21.616,18.1414,15.2291,12.7874,10.739,9.01957,47.3322
"1913",9316.39,7823.32,6569.8,5517.23,4631,3878.82,3239.72,2701.23,2250.97,1875.79,1563.49,1303.54,1087.11,906.884,756.748,631.646,527.372,440.434,367.93,307.444,256.972,214.843,179.669,150.293,125.754,105.248,88.1093,73.7803,61.7974,51.7737,43.3868,36.3675,30.4914,25.5709,21.4498,17.9973,15.1044,12.6797,10.6467,8.94124,46.9182
"1914",9319.19,7825.32,6571.21,5518.21,4631.59,3878.85,3239.07,2699.96,2249.26,1873.81,1561.37,1301.39,1085.01,904.867,754.85,629.884,525.754,438.961,366.598,306.248,255.903,213.892,178.826,149.549,125.098,104.672,87.604,73.3383,61.4115,51.4374,43.0941,36.1132,30.2707,25.3797,21.2841,17.8538,14.9802,12.5722,10.554,8.86185,46.4949
"1915",9322.45,7827.67,6572.89,5519.39,4632.32,3878.99,3238.49,2698.75,2247.58,1871.85,1559.27,1299.25,1082.91,902.854,752.955,628.123,524.137,437.489,365.267,305.052,254.834,212.941,177.983,148.804,124.442,104.096,87.0991,72.8967,61.026,51.1015,42.8019,35.8593,30.0504,25.1887,21.1188,17.7109,14.8565,12.4653,10.4616,8.78217,46.0633
"1916",9326.19,7830.4,6574.86,5520.8,4633.23,3879.25,3238.01,2697.6,2245.95,1869.92,1557.19,1297.13,1080.82,900.848,751.063,626.365,522.521,436.017,363.936,303.857,253.766,211.991,177.141,148.06,123.787,103.52,86.5948,72.4557,60.6411,50.7661,42.5101,35.6059,29.8305,24.9982,20.9539,17.5683,14.7332,12.3587,10.3696,8.70273,45.6246
"1917",9330.52,7833.55,6577.16,5522.46,4634.37,3879.82,3237.89,2696.81,2244.64,1868.26,1555.33,1295.19,1078.88,898.962,749.271,624.689,520.973,434.601,362.653,302.7,252.73,211.067,176.321,147.335,123.147,102.958,86.1019,72.0243,60.2643,50.4376,42.2242,35.3574,29.6148,24.8112,20.792,17.4282,14.6122,12.2542,10.2793,8.62477,45.1862
"1918",9334.05,7837.19,6579.8,5524.35,4634.72,3876.42,3230.87,2688.34,2236.25,1860.52,1548.37,1288.99,1073.38,894.116,745.011,620.955,517.708,431.754,360.174,300.547,250.861,209.449,174.921,146.125,122.103,102.058,85.3261,71.3565,59.6898,49.9437,41.7999,34.9931,29.3022,24.5431,20.5622,17.2313,14.4435,12.1098,10.1556,8.51888,44.5956
"1919",9339.54,7840.15,6582.86,5526.59,4637.05,3879.82,3233.38,2688.47,2234.72,1858.29,1545.93,1286.53,1071,891.857,742.905,619.016,515.94,430.154,358.736,299.262,249.719,208.436,174.027,145.339,121.413,101.453,84.798,70.896,59.2889,49.5952,41.4973,34.7308,29.0751,24.3467,20.3925,17.0848,14.3172,12.0009,10.0618,8.43813,44.1319
"1920",9346.86,7844.76,6585.35,5529.19,4639.6,3884.55,3241.01,2695.92,2239.77,1861.26,1547.63,1287.46,1071.42,891.93,742.739,618.691,515.517,429.675,358.233,298.756,249.225,207.966,173.586,144.93,121.038,101.113,84.4903,70.6198,59.0422,49.3758,41.3029,34.559,28.9238,24.2138,20.2759,16.9828,14.2282,11.9233,9.99433,8.37948,43.7803
"1921",9356.15,7850.91,6589.22,5531.31,4642.54,3889.89,3250.49,2708.46,2251.68,1870.36,1554.2,1292.29,1075.04,894.646,744.768,620.193,516.612,430.46,358.782,299.127,249.463,208.105,173.653,144.945,121.017,101.068,84.4298,70.5501,58.968,49.3007,41.2291,34.4882,28.857,24.1516,20.2187,16.9306,14.1808,11.8806,9.95607,8.34534,43.5538
"1922",9365.53,7858.71,6594.38,5534.54,4643.86,3890.41,3251.6,2712.62,2258.68,1877.32,1559.29,1295.69,1077.34,896.226,745.839,620.89,517.035,430.683,358.861,299.105,249.373,207.97,173.491,144.769,120.836,100.888,84.2569,70.3864,58.8154,49.1598,41.1004,34.3714,28.7517,24.0572,20.1344,16.8557,14.1145,11.8221,9.90452,8.30006,43.2667
"1923",9374.31,7866.59,6600.94,5538.84,4645.6,3887.46,3245.05,2705.72,2254.9,1876.93,1559.88,1295.6,1076.57,895.14,744.655,619.702,515.884,429.594,357.846,298.17,248.52,207.199,172.798,144.15,120.286,100.4,83.8261,70.0073,58.4826,48.8684,40.8458,34.1495,28.5585,23.8892,19.9886,16.7293,14.005,11.7274,9.82272,8.22945,42.8457
"1924",9384.02,7873.97,6607.55,5544.34,4649.19,3888.82,3242.4,2700.06,2248.97,1873.63,1559.42,1295.97,1076.39,894.42,743.69,618.666,514.853,428.601,356.91,297.301,247.722,206.472,172.142,143.562,119.761,99.9341,83.4134,69.6433,58.1626,48.5878,40.6003,33.935,28.3716,23.7266,19.8473,16.6067,13.8988,11.6355,9.74323,8.16079,42.4336
"1925",9393.56,7882.13,6613.75,5549.87,4653.01,3888.5,3237.83,2691.49,2238.39,1863.64,1552.43,1292.04,1073.76,891.828,741.056,616.171,512.585,426.573,355.11,295.711,246.324,205.246,171.069,142.625,118.945,99.2256,82.7987,69.1108,57.7018,48.1896,40.2566,33.6387,28.1163,23.5068,19.6583,16.4442,13.7592,11.5156,9.64037,8.07258,41.9191
"1926",9404.22,7890.13,6620.6,5555.08,4657.67,3891.77,3237.69,2687.82,2231.41,1854.98,1544.25,1286.33,1070.57,889.695,738.953,614.026,510.549,424.718,353.45,294.238,245.021,204.099,170.063,141.745,118.177,98.5561,82.2166,68.6055,57.2639,47.8107,39.929,33.3559,27.8724,23.2967,19.4773,16.2885,13.6253,11.4006,9.54163,7.98784,41.4223
"1927",9416.06,7899.09,6627.33,5560.84,4662.07,3895.82,3240.68,2688.01,2228.65,1849.43,1537.27,1279.71,1065.97,887.168,737.281,612.362,508.837,423.086,351.96,292.901,243.831,203.046,169.135,140.929,117.462,97.9319,81.6724,68.132,56.8526,47.454,39.6202,33.0888,27.6417,23.0975,19.3057,16.1407,13.4981,11.2912,9.44757,7.90704,40.9456
"1928",9427.75,7909.04,6634.86,5566.45,4666.05,3895.96,3237.96,2683.71,2222.56,1841.81,1528.2,1270.21,1057.39,880.776,733.039,609.192,505.976,420.436,349.582,290.813,242.014,201.47,167.771,139.751,116.445,97.0555,80.918,67.4833,56.2953,46.9755,39.2097,32.7369,27.3402,22.8394,19.0848,15.9517,13.3365,11.153,9.32954,7.80622,40.3654
"1929",9440.95,7918.85,6643.21,5572.78,4670.83,3899.56,3238.55,2681.99,2219.5,1837.2,1522.25,1263.01,1049.78,873.89,727.925,605.826,503.472,418.168,347.473,288.915,240.345,200.015,166.507,138.655,115.498,96.2373,80.2123,66.8753,55.7721,46.5257,38.8233,32.4052,27.0557,22.5955,18.8758,15.7728,13.1834,11.0221,9.21753,7.71047,39.8118
"1930",9455.14,7929.94,6651.45,5579.76,4675.46,3900.71,3236.65,2677.02,2213.05,1830.36,1514.84,1255.1,1041.34,865.529,720.509,600.162,499.493,415.104,344.772,286.485,238.206,198.16,164.909,137.282,114.319,95.2262,79.346,66.1336,55.1375,45.9831,38.3596,32.0091,26.7175,22.3069,18.6296,15.5628,13.0044,10.8695,9.0875,7.59969,39.1813
"1931",9473.03,7941.86,6660.77,5586.7,4681.65,3905.96,3239.99,2678.11,2211.39,1827.13,1510.94,1250.43,1036.01,859.564,714.441,594.735,495.397,412.3,342.642,284.588,236.475,196.624,163.569,136.122,113.317,94.3631,78.6032,65.4951,54.5891,45.5125,37.9562,31.6634,26.4215,22.0536,18.413,15.3776,12.8461,10.7343,8.97206,7.50115,38.6147
"1932",9494.72,7956.89,6670.77,5594.55,4687.89,3912.51,3246.39,2682.55,2213.05,1825.72,1507.77,1246.52,1031.43,854.485,708.91,589.2,490.467,408.538,340.008,282.562,234.686,195.009,162.145,134.886,112.252,93.4465,77.8158,64.8195,54.01,45.0164,37.5315,31.3002,26.111,21.7882,18.1863,15.1841,12.681,10.5934,8.85191,7.39872,38.029
"1933",9520.95,7975.1,6683.4,5602.96,4694.7,3918.41,3251.89,2686.04,2213.08,1822.4,1501.66,1239.2,1023.99,847.056,701.61,582.012,483.695,402.621,335.356,279.096,231.938,192.638,160.069,133.092,110.717,92.1382,76.7022,63.8722,53.2046,44.3319,36.9499,30.8062,25.6914,21.4321,17.884,14.9274,12.4632,10.4086,8.69513,7.26571,37.2874
"1934",9565.4,7997.14,6698.7,5613.61,4702.65,3927.51,3261.64,2694.27,2217.46,1822.19,1497.74,1232.63,1016.4,839.481,694.214,574.902,476.845,396.261,329.826,274.714,228.623,189.99,157.795,131.116,109.018,90.6896,75.4711,62.8272,52.3179,43.5799,36.3123,30.2656,25.2333,21.0438,17.5549,14.6487,12.227,10.2085,8.52565,7.12214,36.4932
"1935",9629.41,8034.48,6717.21,5626.27,4706.57,3912.63,3231.56,2659.21,2183.14,1789.47,1466.5,1203.27,989.185,815.098,672.927,556.331,460.636,382.025,317.442,264.21,220.055,183.13,152.182,126.392,105.021,87.3208,72.6397,60.4499,50.3223,41.9046,34.9057,29.0846,24.2415,20.2107,16.8551,14.0607,11.7329,9.79326,8.17656,6.82864,34.9338
"1936",9722.45,8088.24,6748.57,5641.85,4717.78,3918.08,3222.44,2637.11,2155.78,1761.72,1439.52,1177.29,964.71,792.425,652.637,538.631,445.213,368.582,305.655,253.97,211.373,176.044,146.501,121.741,101.109,84.0121,69.852,58.1076,48.3562,40.2546,33.5209,27.9222,23.2657,19.3915,16.1671,13.4829,11.2475,9.38547,7.83389,6.54064,33.4068
"1937",9838.82,8166.39,6793.73,5668.31,4734.08,3940.78,3248.57,2651.68,2156,1753.55,1427.77,1163.78,950.292,777.939,638.619,525.76,433.811,358.514,296.776,246.093,204.47,170.17,141.724,117.938,98.004,81.3939,67.6302,56.2309,46.7764,38.9264,32.4045,26.9839,22.477,18.7285,15.6098,13.0143,10.8535,9.05406,7.55513,6.30613,32.1569
"1938",9934.44,8264.13,6859.37,5706.13,4753.6,3942.66,3245.32,2645.47,2139.28,1726.89,1397.32,1133.82,922.154,751.956,615.05,504.63,415.306,342.596,283.091,234.321,194.291,161.422,134.339,111.879,93.1005,77.3634,64.2508,53.3855,44.3868,36.9235,30.7269,25.5787,21.2999,17.7423,14.7833,12.3216,10.2728,8.56716,7.14679,5.96361,30.3606
"1939",9930.1,8344.45,6941.47,5761.21,4783.96,3952.97,3235.47,2628.17,2118.86,1698.96,1363.19,1098.59,889.132,721.987,588.145,480.761,394.29,324.411,267.57,221.073,182.974,151.707,126.038,104.888,87.3499,72.6871,60.3997,50.1617,41.6787,34.653,28.8262,23.9884,19.9692,16.6287,13.8512,11.5412,9.61932,8.01984,6.68827,5.5794,28.3578
"1940",9717.2,8340.8,7008.93,5830.1,4828.49,3970.55,3227.94,2597.82,2079.74,1657.74,1318.39,1052.06,844.895,682.316,553.297,450.342,367.915,301.631,248.118,204.616,169.042,139.899,115.987,96.3572,80.1854,66.7762,55.5659,46.1721,38.3453,31.8602,26.4895,22.0352,18.337,15.2646,12.711,10.5879,8.82213,7.35302,6.13037,5.11252,25.9416
"1941",9311.63,8161.98,7005.87,5886.88,4888.56,4015.88,3254.65,2602.25,2061.67,1629.31,1286.42,1016.54,807.854,647.111,521.754,422.669,343.797,280.751,230.11,189.254,156.054,128.912,106.68,88.4416,73.4708,61.1383,50.9132,42.3652,35.2025,29.2349,24.2904,20.1956,16.7995,13.98,11.6376,9.69074,8.07209,6.72585,5.60582,4.67368,23.675
"1942",8863.37,7821.32,6855.67,5884.42,4939.15,4077.93,3310.76,2642.05,2079.13,1624.91,1271.14,996.707,784.118,621.42,496.912,400.215,323.983,263.404,215.039,176.22,144.913,119.48,98.6924,81.668,67.7029,56.2409,46.7994,38.9716,32.428,26.9451,22.3771,18.5923,15.458,12.8585,10.7004,8.90745,7.41731,6.17838,5.14796,4.29069,21.698
"1943",8542.49,7444.8,6569.53,5758.31,4938.5,4123.05,3356.14,2664.15,2072.77,1594.72,1225.2,947.32,737.242,577.271,456.151,364.082,292.884,236.91,192.519,157.122,128.729,105.843,87.2564,72.0685,59.6326,49.4329,41.0622,34.1677,28.452,23.6742,19.6711,16.336,13.5729,11.2846,9.38694,7.81141,6.50252,5.41469,4.51025,3.75803,18.9718
"1944",8525.18,7175.27,6253.27,5517.9,4830.48,4112.59,3375.35,2679.73,2070.18,1572.7,1188.44,901.946,691.917,535.83,418.275,329.875,262.965,211.367,170.885,138.821,113.271,92.7871,76.2813,62.88,51.9313,42.9678,35.6169,29.5847,24.6167,20.4983,17.0558,14.1716,11.7688,9.77811,8.12956,6.7624,5.62736,4.68442,3.90073,3.24917,16.3744
"1945",8791.02,7160.74,6026.88,5252.23,4627.72,4019.9,3368.61,2707.76,2104.29,1596.21,1196.22,895.636,675.716,516.451,399.025,311.031,245.067,195.239,156.87,126.795,102.986,84.0211,68.8202,56.5738,46.6323,38.511,31.8628,26.4111,21.9376,18.2534,15.1994,12.6467,10.508,8.72632,7.25021,6.02783,5.01411,4.1725,3.47333,2.89225,14.5501
"1946",8981.58,7384.03,6014.67,5062.07,4404.75,3850.74,3293.13,2704.84,2130.55,1627.41,1218.75,905.458,674.176,506.871,386.564,298.263,232.286,182.917,145.673,117.019,94.569,76.8022,62.6534,51.3149,42.1814,34.7676,28.7117,23.7546,19.6898,16.3546,13.6078,11.331,9.42789,7.83349,6.50524,5.40482,4.49356,3.73785,3.11045,2.58924,13.0026
"1947",8875.25,7544.1,6202.23,5051.53,4237.77,3630.95,3087.02,2556.74,2037.85,1566.16,1174.94,869.273,640.817,474.821,355.91,270.917,208.777,162.463,127.869,101.802,81.7589,66.0629,53.645,43.7582,35.8367,29.4565,24.2782,20.0487,16.5868,13.7483,11.4192,9.50127,7.91143,6.58263,5.46937,4.54196,3.77363,3.13738,2.60974,2.17169,10.8861
"1948",8751.66,7454.78,6336.67,5209.02,4227.8,3489.9,2910.57,2405.81,1944.28,1520.04,1152.07,856.284,629.774,462.549,341.944,255.938,194.638,149.902,116.604,91.7536,73.0363,58.6494,47.3855,38.4757,31.3829,25.7006,21.1243,17.4103,14.377,11.8943,9.85865,8.18846,6.81307,5.67301,4.72015,3.92185,3.25684,2.70589,2.24966,1.87132,9.36304
"1949",8628.65,7350.97,6261.65,5321.51,4347.86,3432.32,2710.11,2163.54,1724.9,1356,1039.48,777.586,573.142,419.342,306.997,226.488,169.3,128.639,99.0194,76.9985,60.5742,48.2088,38.7074,31.2703,25.3887,20.7072,16.9571,13.9372,11.4865,9.48502,7.84696,6.5039,5.40199,4.4946,3.74247,3.11385,2.58721,2.1485,1.78504,1.48407,7.4111
"1950",8579.99,7247.65,6174.46,5258.26,4433.21,3494.95,2615.34,1969.58,1517.73,1179.59,911.084,690.338,512.615,376.108,274.397,200.524,147.766,110.371,83.8242,64.5043,50.1486,39.4454,31.3896,25.2008,20.3575,16.5276,13.4795,11.038,9.07198,7.47663,6.17377,5.1075,4.23328,3.51603,2.92541,2.43586,2.0267,1.68392,1.39838,1.16181,5.7895
"1951",8582.14,7206.78,6087.68,5185.06,4381.56,3564.83,2653.83,1876.08,1347.34,1001.05,758.114,575.562,431.374,318.154,232.449,169.139,123.393,90.8272,67.7947,51.466,39.5918,30.7734,24.2014,19.2563,15.4582,12.4864,10.1367,8.26683,6.76923,5.56338,4.58493,3.7859,3.13199,2.59588,2.15604,1.79385,1.49365,1.24275,1.03256,0.857465,4.26243
"1952",8636.52,7208.58,6053.34,5112.6,4332.98,3577.47,2799.08,1999.54,1363.23,951.417,692.518,517.33,389.359,290.246,213.349,155.548,113.03,82.3862,60.6092,45.224,34.3231,26.3993,20.5166,16.1333,12.8358,10.3035,8.32221,6.75589,5.50951,4.51132,3.70762,3.0555,2.52298,2.08719,1.7299,1.43678,1.19542,0.995361,0.828162,0.688089,3.41183
"1953",8475.39,7254.26,6054.86,5083.77,4271.73,3534.95,2807.58,2112.41,1459.73,969.935,664.663,477.968,354.327,265.412,197.268,144.736,105.399,76.5288,55.7539,41.0042,30.589,23.212,17.8512,13.872,10.9076,8.67773,6.96543,5.62587,4.56691,3.7243,3.04949,2.50619,2.06536,1.70539,1.41081,1.1693,0.971169,0.80802,0.672794,0.559777,2.77124
"1954",8090.3,7118.92,6093.23,5084.9,4242.66,3466.94,2757,2119.9,1560.22,1062.22,698.796,475.763,340.732,251.952,188.43,139.912,102.589,74.6755,54.2071,39.4853,29.0361,21.659,16.4346,12.6384,9.82086,7.72195,6.14318,4.93092,3.98257,3.23289,2.63639,2.15869,1.77408,1.46202,1.20721,0.998675,0.827716,0.687461,0.571972,0.476249,2.35792
"1955",7552.35,6795.46,5979.54,5116.94,4236.75,3413.26,2654.78,2029.58,1519.84,1098.81,739.137,482.439,326.828,233.344,172.212,128.638,95.4414,69.9454,50.8977,36.9393,26.9034,19.7817,14.7547,11.195,8.60871,6.6893,5.25952,4.18411,3.35838,2.71244,2.20183,1.79555,1.4702,1.20825,0.995716,0.822168,0.680147,0.563714,0.468193,0.389539,1.93019
"1956",7034.11,6343.61,5707.85,5021.59,4268.64,3430.95,2647.64,1986.41,1480.58,1089.45,778.334,519.515,337.434,227.902,162.407,119.718,89.3584,66.2651,48.5481,35.3206,25.6306,18.6652,13.7232,10.2352,7.76556,5.97133,4.63983,3.64803,2.90207,2.32932,1.88129,1.52713,1.24534,1.01968,0.837996,0.690588,0.570221,0.47172,0.390966,0.324717,1.60885
"1957",6692.8,5908.31,5328.32,4793.6,4193.93,3476.79,2692.96,2012.54,1474.94,1081.38,786.877,558.13,370.866,240.22,161.969,115.299,84.9348,63.3678,46.9784,34.4121,25.033,18.1637,13.2266,9.72415,7.25229,5.50222,4.23084,3.28737,2.58463,2.0561,1.6503,1.33286,1.08194,0.882289,0.722411,0.593694,0.48926,0.403982,0.334197,0.276986,1.36986
"1958",6935.97,5621.63,4962.7,4474.71,3999.04,3394.88,2688.55,1997.75,1446.22,1035.68,747.353,538.225,379.296,251.031,162.199,109.194,77.6548,57.167,42.6338,31.5992,23.1425,16.8328,12.2125,8.89236,6.53724,4.87527,3.69868,2.84396,2.20972,1.73732,1.38204,1.10926,0.895882,0.727219,0.593024,0.485561,0.399044,0.328849,0.27153,0.224625,1.1069
"1959",8568.43,5825.88,4721.89,4167.66,3732.85,3236.2,2624.37,1994.4,1435.77,1015.52,715.572,510.89,365.463,256.475,169.305,109.216,73.4489,52.1982,38.4103,28.638,21.2217,15.5402,11.302,8.19917,5.96975,4.38847,3.27267,2.48278,1.90899,1.48324,1.16613,0.927644,0.744545,0.601321,0.48811,0.398037,0.325907,0.267836,0.220721,0.182249,0.893704
"1960",10829.1,7197.06,4893.46,3965.62,3482.91,3048.17,2545.39,1988.32,1464.94,1030.51,717.451,500.457,355.09,253.055,177.181,116.794,75.2738,50.5923,35.9414,26.4417,19.7112,14.6049,10.6939,7.7769,5.64156,4.10741,3.01934,2.25159,1.70811,1.31334,1.02042,0.802252,0.638178,0.51221,0.413677,0.335793,0.273827,0.224205,0.184255,0.151842,0.740188
"1961",8383.12,9095.92,6045.18,4109.68,3312.39,2834.71,2377.7,1900.83,1429.97,1023.13,704.945,484.144,334.835,236.327,167.871,117.299,77.2206,49.7261,33.4038,23.7227,17.4484,13.0048,9.63464,7.0539,5.1294,3.72078,2.70884,1.99119,1.48483,1.12641,0.866062,0.672889,0.529019,0.420822,0.337755,0.27278,0.221422,0.180561,0.14784,0.121497,0.588197
"1962",5696.39,7041.42,7640.14,5076.59,3424.96,2664.36,2155.23,1710.8,1306.78,949.582,663.061,449.593,305.676,210.094,147.715,104.675,73.028,48.0272,30.9077,20.7543,14.7352,10.8357,8.07493,5.98163,4.379,3.18407,2.30955,1.68135,1.23587,0.921566,0.699093,0.537503,0.417609,0.328317,0.261166,0.209612,0.169288,0.137414,0.112055,0.0917485,0.44043
"1963",6427.58,4784.69,5914.45,6416.07,4232.07,2757.88,2027.03,1547.41,1169.02,859.522,608.046,417.191,279.788,188.945,129.324,90.6905,64.1588,44.7127,29.3857,18.9031,12.6895,9.00731,6.62256,4.93461,3.65504,2.67557,1.94535,1.41099,1.02716,0.754989,0.562971,0.427058,0.328342,0.2551,0.200553,0.159533,0.128041,0.103408,0.0839381,0.0684477,0.325073
"1964",9249.54,5398.86,4018.91,4966.68,5341.64,3383.25,2063.35,1418.93,1025.71,744.731,533.331,371.169,252.178,168.138,113.149,77.2793,54.1198,38.2533,26.6446,17.5054,11.2581,7.55613,5.36283,3.9426,2.9375,2.17566,1.59256,1.15788,0.839799,0.611338,0.449341,0.335054,0.254162,0.19541,0.15182,0.119356,0.0949429,0.0762007,0.061541,0.0499537,0.234194
"1965",7781.38,7769.17,4534.78,3374.95,4138.69,4294.29,2567.6,1479.38,970.977,677.855,480.488,338.803,233.531,157.735,104.79,70.3606,47.9866,33.5742,23.7174,16.514,10.8468,6.97448,4.68043,3.3215,2.44167,1.81909,1.34725,0.98613,0.716949,0.519985,0.37852,0.278212,0.207448,0.157363,0.120986,0.0939967,0.073897,0.0587819,0.0471779,0.0381016,0.175922
"1966",16355.2,6535.98,6525.73,3808.22,2813.7,3335.27,3274.5,1852.17,1019.32,646.623,441.093,308.093,215.292,147.59,99.3566,65.8714,44.1712,30.0995,21.0483,14.864,10.3471,6.7951,4.3687,2.93146,2.08018,1.52907,1.13914,0.843635,0.617489,0.448926,0.325588,0.237007,0.174198,0.129889,0.0985287,0.0757518,0.058853,0.0462681,0.0368042,0.0295387,0.134002
"1967",7457.49,13737.5,5489.91,5480.14,3174.74,2267.13,2541.76,2359.22,1273.86,677.28,419.682,282.038,195.199,135.649,92.6776,62.2596,41.222,27.6181,18.8097,13.1491,9.2835,6.4613,4.24266,2.72742,1.83,1.2985,0.954446,0.711024,0.526562,0.385403,0.28019,0.203208,0.14792,0.108719,0.0810651,0.0614922,0.0472768,0.0367302,0.0288758,0.0229694,0.102065
"1968",7710.61,6263.93,11538.9,4610.21,4563.98,2544.46,1711.44,1813.49,1610.71,842.782,438.843,268.411,178.963,123.277,85.424,58.2607,39.0952,25.8661,17.3222,11.7943,8.24329,5.81908,4.04963,2.65888,1.70917,1.14674,0.813654,0.598047,0.445511,0.329925,0.241476,0.175553,0.127319,0.0926778,0.0681165,0.0507898,0.0385267,0.0296202,0.0230124,0.0180914,0.0783369
"1969",7927.27,6476.54,5261.4,9690.09,3843.41,3679.55,1946.17,1244.96,1267.91,1094.21,561.525,288.803,175.307,116.35,79.9224,55.2853,37.6639,25.2557,16.7022,11.1822,7.61218,5.31955,3.75476,2.61281,1.7154,1.10263,0.739762,0.524873,0.38578,0.287379,0.212817,0.155761,0.113237,0.0821239,0.0597793,0.0439365,0.0327603,0.0248503,0.0191055,0.0148433,0.0621973
"1970",8208.56,6658.53,5439.98,4418.4,8077,3095.99,2811.57,1415.61,871.261,862.595,730.133,370.021,188.828,114.074,75.4876,51.7581,35.7611,24.344,16.3162,10.7871,7.22049,4.91452,3.43397,2.42363,1.68641,1.10712,0.711613,0.477411,0.338722,0.248955,0.185451,0.137333,0.100513,0.0730717,0.0529941,0.0385751,0.0283517,0.0211398,0.0160355,0.0123284,0.0497129
"1971",7917.52,6894.79,5592.84,4568.17,3677.21,6448.51,2312.61,1967.55,939.655,556.306,536.489,446.581,224.015,113.613,68.3769,45.1422,30.9059,21.333,14.5136,9.72394,6.42708,4.3012,2.92713,2.04507,1.44325,1.00418,0.659208,0.423695,0.284242,0.201664,0.148217,0.110407,0.0817596,0.059839,0.0435016,0.0315487,0.0229646,0.0168783,0.0125849,0.0095462,0.036934
"1972",6512.42,6650.33,5791.29,4696.56,3802.02,2934.01,4798.37,1602.89,1286.4,589.005,339.24,321.695,265.132,132.222,66.8259,40.1336,26.461,18.1006,12.4876,8.49301,5.68891,3.75948,2.51564,1.71183,1.1959,0.843927,0.587157,0.385435,0.247726,0.166187,0.117904,0.0866548,0.064549,0.0477998,0.0349839,0.0254324,0.0184443,0.0134257,0.00986748,0.00735742,0.0271733
"1973",5451.19,5470.12,5585.96,4863.13,3905.29,3017.65,2158.3,3270.34,1026.13,786.889,349.635,197.674,185.389,151.796,75.4052,38.0193,22.7989,15.0172,10.2664,7.08017,4.81407,3.22401,2.13026,1.4253,0.969801,0.677472,0.478055,0.332591,0.218321,0.140315,0.0941284,0.0667801,0.04908,0.0365592,0.0270726,0.0198139,0.0144041,0.0104462,0.00760384,0.00558858,0.0195569
"1974",6903.3,4578.74,4592.99,4603.19,3825.97,2969.98,2205.35,1500.87,2177.02,663.448,500.539,220.585,124.224,116.286,95.1287,47.234,23.8097,14.276,9.40267,6.42782,4.4328,3.01397,2.01845,1.33368,0.892324,0.607149,0.424133,0.299287,0.208218,0.136679,0.0878436,0.0589287,0.0418074,0.0307263,0.0228877,0.0169487,0.0124044,0.00901761,0.00653979,0.00476033,0.0157421
"1975",7141.44,5798.44,3844.15,3758.84,3526.86,2796.39,2063.32,1440.57,929.225,1300.67,388.588,290.259,127.306,71.5303,66.886,54.6863,27.1453,13.6811,8.20234,5.40212,3.69286,2.54664,1.7315,1.15957,0.766171,0.512619,0.348791,0.243652,0.171931,0.119615,0.0785176,0.0504632,0.0338525,0.0240169,0.0176512,0.0131482,0.0097364,0.00712587,0.00518029,0.00375687,0.0117779
"1976",8188.33,5998.46,4867.91,3140.17,2866.91,2561.09,1922.73,1326.79,873.739,542.083,742.48,219.415,163.039,71.3307,40.0309,37.4092,30.5761,15.1747,7.64729,4.58461,3.01935,2.06397,1.42331,0.967721,0.648067,0.428199,0.286492,0.194931,0.136171,0.0960877,0.0668494,0.0438813,0.0282024,0.0189192,0.0134223,0.0098647,0.00734811,0.00544137,0.00398242,0.0028951,0.0086819
"1977",7593.72,6877.8,5036.04,3974.65,2380.51,2071.2,1772.12,1263.04,832.356,531.427,324.03,439.947,129.467,96.0108,41.9649,23.5393,21.992,17.9725,8.91896,4.49453,2.69443,1.77448,1.21298,0.836466,0.568715,0.380857,0.251644,0.168365,0.114556,0.0800242,0.0564682,0.0392855,0.0257878,0.0165737,0.0111182,0.0078879,0.00579719,0.00431826,0.00319773,0.00234035,0.00680345
"1978",5569.26,6378.36,5775.04,4143.66,3096.93,1784.91,1488.42,1204.97,816.601,519.954,325.578,196.573,265.639,77.9971,57.7789,25.2406,14.1541,13.2217,10.8042,5.36143,2.70171,1.61962,1.06662,0.729102,0.502781,0.34184,0.228922,0.151255,0.101198,0.0688558,0.0480997,0.033941,0.0236131,0.0155001,0.00996185,0.00668275,0.00474111,0.00348447,0.00259554,0.00192203,0.00549598
"1979",5516.2,4677.91,5354.31,4700.49,3128.75,2218.85,1202.74,926.527,698.446,451.015,279.472,172.61,103.532,139.472,40.8899,30.2676,13.217,7.41006,6.92108,5.65529,2.80624,1.41407,0.847687,0.558247,0.381593,0.26314,0.178907,0.119809,0.0791609,0.0529631,0.0360362,0.0251733,0.0177632,0.012358,0.00811203,0.00521357,0.00349744,0.00248128,0.00182361,0.00135838,0.00388224
"1980",6085.83,4633.34,3926.06,4319.72,3460.12,2164.61,1427.65,704.396,498.555,354.87,221.869,135.257,82.8875,49.5321,66.6065,19.5099,14.4348,6.30162,3.53249,3.29915,2.69564,1.33757,0.673988,0.404026,0.266069,0.181871,0.125414,0.0852677,0.0571013,0.0377281,0.0252421,0.0171748,0.0119975,0.00846586,0.00588978,0.00386615,0.00248476,0.00166686,0.00118256,0.00086912,0.00249765
"1981",5155.54,5111.81,3889.23,3177.08,3180.48,2387.09,1396.81,849.162,390.05,263.183,182.394,112.512,68.1492,41.6354,24.8437,33.3828,9.7744,7.23019,3.15604,1.76907,1.65215,1.34988,0.669796,0.337497,0.202313,0.133231,0.0910689,0.0627988,0.042696,0.0285922,0.0188914,0.0126394,0.00859982,0.00600743,0.00423906,0.00294915,0.00193587,0.00124417,0.000834634,0.000592135,0.00168581
"1982",5017.08,4330.4,4289.79,3120.51,2298.18,2162.38,1522.01,816.118,457.126,198.388,129.601,88.3545,54.0744,32.6311,19.8999,11.8635,15.9335,4.66409,3.44959,1.50567,0.84394,0.788135,0.643928,0.319504,0.16099,0.0965043,0.0635513,0.0434398,0.0299548,0.0203658,0.0136383,0.00901109,0.00602888,0.00410204,0.00286549,0.00202199,0.00140671,0.000923391,0.000593459,0.000398112,0.00108656
"1983",5385.98,4214.11,3635.3,3498.36,2368.89,1639.77,1394.1,849.185,397.788,202.958,83.5284,53.1169,35.747,21.7441,13.0827,7.96657,4.74565,6.37102,1.86452,1.37885,0.601791,0.33729,0.314975,0.257336,0.127682,0.0643346,0.0385644,0.0253957,0.0173589,0.0119701,0.00813823,0.00544988,0.00360083,0.00240913,0.00163917,0.00114504,0.000807981,0.000562118,0.000368983,0.000237144,0.000593267
"1984",8992.93,4523.96,3537.38,2984.96,2727.25,1682,1006.38,742.29,410.587,182.738,91.0918,37.1257,23.515,15.7992,9.60349,5.77622,3.51683,2.09479,2.81214,0.822974,0.608599,0.265617,0.148871,0.139021,0.11358,0.0563549,0.0283952,0.0170211,0.0112088,0.00766162,0.00528319,0.00359194,0.00240539,0.00158928,0.00106331,0.000723472,0.000505383,0.000356615,0.0002481,0.000162856,0.000366514
"1985",5481.1,7553.62,3797.59,2907.85,2338.94,1974.02,1085.09,583.884,401.844,214.452,93.931,46.5145,18.9071,11.9624,8.03353,4.8821,2.93614,1.78756,1.06473,1.42932,0.418288,0.309327,0.135002,0.0756649,0.0706583,0.0577279,0.0286426,0.014432,0.00865104,0.00569693,0.00389405,0.0026852,0.00182562,0.00122255,0.000807758,0.00054043,0.000367707,0.000256862,0.000181251,0.000126097,0.000269054
"1986",3231.78,4603.86,6339.11,3093.34,2230.6,1665.34,1272.16,638.518,323.73,215.996,113.672,49.4996,24.4541,9.93032,6.28022,4.21676,2.56235,1.54095,0.938127,0.558772,0.750105,0.219516,0.162333,0.0708481,0.0397083,0.0370808,0.030295,0.0150314,0.00757377,0.00453997,0.00298969,0.00204355,0.00140916,0.000958061,0.000641579,0.000423902,0.000283611,0.000192968,0.000134798,9.51181e-05,0.000207371
"1987",4245.58,2714.54,3864.36,5196.35,2398.71,1572.36,1026.01,694.847,322.76,157.235,103.051,53.8317,23.3712,11.5317,4.68028,2.95923,1.9867,1.20716,0.725941,0.441946,0.263231,0.353364,0.10341,0.0764722,0.0333752,0.0187058,0.017468,0.0142713,0.00708095,0.00356783,0.00213868,0.00140837,0.000962671,0.000663824,0.000451321,0.000302233,0.00019969,0.000133603,9.09028e-05,6.35003e-05,0.000142495
"1988",5702.6,3566.08,2277.39,3114.57,3863.96,1602.79,892.873,493.71,297.373,129.518,61.2244,39.6118,20.5817,8.91548,4.3947,1.78284,1.12699,0.756527,0.459657,0.276413,0.168274,0.100226,0.134543,0.0393732,0.0291164,0.0127074,0.00712209,0.00665081,0.00543369,0.00269601,0.00135842,0.000814281,0.000536224,0.000366527,0.000252744,0.000171836,0.000115072,7.60299e-05,5.08678e-05,3.46103e-05,7.84306e-05
"1989",7742.49,4789.9,2992.54,1851.11,2358.2,2600.52,898.39,417.438,203.497,114.468,48.2979,22.5242,14.4915,7.51193,3.25066,1.60159,0.649583,0.410575,0.275595,0.167443,0.100689,0.0612968,0.0365087,0.0490089,0.0143421,0.0106059,0.00462875,0.00259426,0.00242259,0.00197925,0.000982032,0.00049481,0.000296605,0.000195322,0.000133509,9.20629e-05,6.25917e-05,4.19153e-05,2.76941e-05,1.85287e-05,4.11755e-05
"1990",7986.69,6503.32,4019.34,2428.32,1393.06,1563.72,1421.43,406.658,165.944,75.409,41.0594,17.0857,7.92243,5.08485,2.63305,1.13886,0.560981,0.227498,0.143784,0.0965107,0.0586359,0.0352593,0.0214646,0.0127844,0.0171615,0.00502216,0.00371386,0.00162084,0.000908427,0.000848312,0.000693066,0.000343875,0.000173266,0.000103861,6.8395e-05,4.67502e-05,3.22373e-05,2.19175e-05,1.46773e-05,9.69753e-06,2.09064e-05
"1991",4861.48,6708.43,5457.27,3265.13,1838.39,942.875,890.577,681.783,173.007,66.1242,29.1448,15.6629,6.48237,2.99894,1.92289,0.99526,0.430378,0.211971,0.0859572,0.0543253,0.0364636,0.0221535,0.0133214,0.00810953,0.00483003,0.00648371,0.00189739,0.00140311,0.000612359,0.000343206,0.000320494,0.000261841,0.000129916,6.54599e-05,3.92388e-05,2.58397e-05,1.76622e-05,1.21793e-05,8.28042e-06,5.54509e-06,1.15622e-05
"1992",3072.42,4083.41,5629.67,4440.23,2467.28,1205.86,494.555,374.21,245.26,57.1428,20.9815,9.08921,4.84951,2.00093,0.924454,0.592385,0.306517,0.132525,0.065267,0.0264657,0.016726,0.0112264,0.00682054,0.0041013,0.00249669,0.00148702,0.00199613,0.000584146,0.00043197,0.000188525,0.000105661,9.8669e-05,8.06119e-05,3.99967e-05,2.01528e-05,1.20802e-05,7.95512e-06,5.43758e-06,3.74956e-06,2.54925e-06,5.26671e-06
"1993",5733.86,2580.69,3426.55,4570.89,3352.39,1648,660.708,221.063,144.67,87.5021,19.6314,7.09188,3.05141,1.62341,0.668987,0.308901,0.197886,0.102377,0.0442604,0.0217969,0.00883839,0.00558567,0.00374904,0.00227768,0.0013696,0.000833748,0.000496575,0.000666586,0.000195069,0.000144251,6.29554e-05,3.52842e-05,3.29492e-05,2.69193e-05,1.33563e-05,6.72975e-06,4.03403e-06,2.6565e-06,1.8158e-06,1.25211e-06,2.61003e-06
"1994",7063.16,4816.17,2167.65,2874.72,3736.4,2419.48,933.626,289.673,80.9909,48.1534,27.8857,6.14399,2.20328,0.945139,0.50218,0.20682,0.0954709,0.0611508,0.0316343,0.0136759,0.00673481,0.00273084,0.00172581,0.00115834,0.00070373,0.000423159,0.000257599,0.000153424,0.00020595,6.0269e-05,4.45682e-05,1.94508e-05,1.09015e-05,1.018e-05,8.31701e-06,4.12659e-06,2.07923e-06,1.24636e-06,8.20755e-07,5.61012e-07,1.19325e-06
"1995",4430.26,5932.72,4045.34,1818.86,2358.87,2768.68,1486.32,474.174,129.261,33.7731,19.4817,11.1423,2.44271,0.874183,0.374671,0.198995,0.0819394,0.0378206,0.0242236,0.012531,0.00541722,0.00266772,0.00108171,0.000683603,0.000458821,0.000278749,0.000167614,0.000102035,6.07711e-05,8.15768e-05,2.38725e-05,1.76534e-05,7.70444e-06,4.31805e-06,4.03229e-06,3.29435e-06,1.63453e-06,8.23579e-07,4.93679e-07,3.25099e-07,6.94859e-07
"1996",5398.62,3721.21,4983.19,3394.63,1495.5,1769.93,1758.33,797.449,226.851,58.2349,14.8124,8.45029,4.81154,1.0529,0.376513,0.161315,0.0856628,0.0352699,0.0162788,0.0104261,0.00539341,0.00233158,0.00114819,0.000465563,0.000294219,0.000197474,0.000119972,7.21397e-05,4.3915e-05,2.61554e-05,3.51099e-05,1.02745e-05,7.59786e-06,3.31592e-06,1.85845e-06,1.73546e-06,1.41786e-06,7.03488e-07,3.5446e-07,2.12475e-07,4.3898e-07
"1997",5186.65,4534.58,3125.63,4181.51,2787.51,1113.93,1106.31,923.843,373.277,100.073,25.0302,6.29979,3.57896,2.03439,0.444864,0.159031,0.0681252,0.0361736,0.0148932,0.00687379,0.00440244,0.00227735,0.000984496,0.000484812,0.000196579,0.000124231,8.3381e-05,5.06565e-05,3.04601e-05,1.85425e-05,1.10438e-05,1.48247e-05,4.33826e-06,3.20809e-06,1.4001e-06,7.84705e-07,7.32773e-07,5.9867e-07,2.97038e-07,1.49666e-07,2.75067e-07
"1998",12085,4356.53,3808.82,2622.62,3427.81,2058.12,682.31,563.803,416.825,158.245,41.2836,10.2126,2.55918,1.45133,0.824367,0.180206,0.0644099,0.0275895,0.0146491,0.00603113,0.00278357,0.00178277,0.000922207,0.000398668,0.000196322,7.96035e-05,5.03064e-05,3.37645e-05,2.05129e-05,1.23345e-05,7.50863e-06,4.47207e-06,6.00312e-06,1.75674e-06,1.29908e-06,5.66957e-07,3.17758e-07,2.96729e-07,2.42425e-07,1.20282e-07,1.71991e-07
"1999",8066.17,10150.8,3659.27,3195.8,2153.32,2569.93,1322.41,378.271,283.85,199.797,74.2366,19.1986,4.73275,1.18431,0.671228,0.38116,0.0833103,0.0297751,0.0127535,0.00677159,0.00278788,0.00128669,0.000824071,0.000426282,0.00018428,9.07476e-05,3.67958e-05,2.32535e-05,1.56072e-05,9.48182e-06,5.70147e-06,3.47076e-06,2.06715e-06,2.77486e-06,8.12027e-07,6.00483e-07,2.62068e-07,1.46879e-07,1.37159e-07,1.12058e-07,1.35099e-07
"2000",5854.93,6775.19,8526.16,3070.91,2633.85,1641.39,1710.2,771.671,202.547,145.5,100.488,37.0524,9.55329,2.35217,0.588297,0.33335,0.189273,0.0413673,0.0147843,0.00633244,0.00336223,0.00138423,0.000638861,0.000409162,0.000211654,9.14971e-05,4.50571e-05,1.82695e-05,1.15456e-05,7.74911e-06,4.70781e-06,2.83083e-06,1.72326e-06,1.02636e-06,1.37774e-06,4.03178e-07,2.98145e-07,1.30119e-07,7.29267e-08,6.81004e-08,1.22715e-07
"2001",5088.59,4917.85,5690.82,7155.04,2529.01,1993.17,1064.92,951.318,387.319,96.4316,67.6841,46.3081,17.0115,4.37951,1.07762,0.269444,0.152656,0.0866705,0.0189419,0.00676955,0.00289952,0.0015395,0.000633807,0.000292519,0.000187345,9.69107e-05,4.1894e-05,2.06304e-05,8.36507e-06,5.2864e-06,3.5481e-06,2.15557e-06,1.29615e-06,7.89031e-07,4.69939e-07,6.30826e-07,1.84603e-07,1.36512e-07,5.95775e-08,3.3391e-08,8.73689e-08
"2002",5617.94,4274.17,4130.75,4775.57,5890.27,1911.44,1290.02,589.823,474.399,182.9,44.4493,30.8913,21.0517,7.72098,1.98635,0.488608,0.122152,0.0692008,0.0392874,0.00858615,0.00306852,0.00131429,0.000697818,0.000287289,0.000132591,8.49182e-05,4.39268e-05,1.89893e-05,9.35114e-06,3.79163e-06,2.39616e-06,1.60824e-06,9.77053e-07,5.87506e-07,3.57643e-07,2.13009e-07,2.85934e-07,8.36749e-08,6.18764e-08,2.70046e-08,5.47366e-08
"2003",4477.37,4718.8,3590.09,3466.4,3933.34,4463.91,1244.53,721.135,297.637,227.067,85.5272,20.5892,14.2551,9.69965,3.55516,0.91436,0.224885,0.0562171,0.0318467,0.01808,0.00395129,0.0014121,0.000604821,0.000321126,0.000132206,6.10161e-05,3.90779e-05,2.02143e-05,8.73853e-06,4.30322e-06,1.74484e-06,1.10267e-06,7.40081e-07,4.4962e-07,2.70359e-07,1.6458e-07,9.80222e-08,1.31581e-07,3.85055e-08,2.84743e-08,3.76156e-08
"2004",5434.86,3760.77,3963.56,3014.65,2883.13,3098.72,3151.33,778.601,411.72,160.932,119.411,44.3967,10.6254,7.33723,4.98645,1.82659,0.469646,0.11549,0.0288681,0.016353,0.0092837,0.00202886,0.00072506,0.000310549,0.000164883,6.78811e-05,3.13286e-05,2.00644e-05,1.0379e-05,4.48675e-06,2.20946e-06,8.95874e-07,5.66155e-07,3.79989e-07,2.30854e-07,1.38813e-07,8.45022e-08,5.03286e-08,6.7559e-08,1.97703e-08,3.39332e-08
"2005",5815.19,4565.02,3158.87,3328.32,2509.23,2275.24,2172.5,1916.04,421.817,207.585,78.1253,56.9294,20.9921,5.00517,3.45026,2.34285,0.857845,0.220515,0.0542204,0.0135522,0.00767668,0.00435798,0.000952376,0.000340348,0.000145772,7.73958e-05,3.1863e-05,1.47054e-05,9.41805e-06,4.87177e-06,2.10603e-06,1.03709e-06,4.20512e-07,2.65746e-07,1.78361e-07,1.0836e-07,6.5157e-08,3.96641e-08,2.36235e-08,3.17112e-08,2.52076e-08
"2006",10544,4884.48,3834.39,2652.24,2756.77,1923.89,1493.49,1203.27,934.039,190.674,90.298,33.38,24.1283,8.86486,2.11013,1.45343,0.986527,0.361142,0.0928241,0.0228224,0.00570419,0.00323106,0.00183421,0.000400836,0.000143244,6.13516e-05,3.25736e-05,1.34101e-05,6.18902e-06,3.96373e-06,2.05036e-06,8.86352e-07,4.36475e-07,1.76978e-07,1.11843e-07,7.50656e-08,4.56044e-08,2.74221e-08,1.66931e-08,9.94223e-09,2.39549e-08
"2007",12565.5,8856.49,4102.73,3219.56,2202.29,2155.81,1338.54,917.896,675.708,498.065,99.1027,46.3865,17.0589,12.3026,4.51529,1.07425,0.739741,0.502039,0.183771,0.047233,0.0116128,0.00290243,0.00164402,0.000933272,0.00020395,7.2884e-05,3.12161e-05,1.65736e-05,6.82315e-06,3.149e-06,2.01676e-06,1.04323e-06,4.50978e-07,2.22079e-07,9.00467e-08,5.69057e-08,3.81935e-08,2.32036e-08,1.39524e-08,8.49348e-09,1.72469e-08
"2008",17332.4,10554.4,7439.02,3445.13,2674.02,1713.67,1470.14,790.212,485.96,335.202,238.94,46.7976,21.7477,7.97196,5.74059,2.10538,0.500714,0.344728,0.233933,0.0856271,0.0220072,0.00541059,0.00135227,0.000765956,0.000434811,9.50194e-05,3.39562e-05,1.45433e-05,7.72149e-06,3.17883e-06,1.46708e-06,9.39584e-07,4.86026e-07,2.10105e-07,1.03464e-07,4.19515e-08,2.65115e-08,1.77938e-08,1.08102e-08,6.50021e-09,1.19921e-08
"2009",7584.71,14558.4,8865.2,6246.88,2861.77,2079.95,1170.12,873.843,423.77,245.188,163.906,115.119,22.3954,10.3758,3.79803,2.73307,1.00201,0.238261,0.164021,0.1113,0.0407379,0.0104699,0.00257404,0.000643324,0.00036439,0.000206852,4.52033e-05,1.61538e-05,6.91861e-06,3.67328e-06,1.51224e-06,6.97922e-07,4.46979e-07,2.31212e-07,9.99508e-08,4.92196e-08,1.99571e-08,1.2612e-08,8.46484e-09,5.14262e-09,8.79711e-09
"2010",5870.04,6370.79,12228.3,7443.93,5181.07,2207.07,1385.82,664.798,440.26,198.732,110.824,72.81,50.7373,9.83548,4.54931,1.66393,1.19689,0.438715,0.104307,0.0718022,0.048721,0.0178324,0.00458296,0.00112671,0.000281594,0.000159499,9.05415e-05,1.97859e-05,7.07065e-06,3.02832e-06,1.60782e-06,6.61914e-07,3.05484e-07,1.95645e-07,1.01203e-07,4.37488e-08,2.15436e-08,8.73528e-09,5.52032e-09,3.70508e-09,6.10145e-09
"2011",6716.98,4930.55,5351.16,10270,6226.6,4234.54,1719.33,1022.64,470.51,303.855,135.395,75.0458,49.1686,34.2204,6.62986,3.06574,1.12115,0.8064,0.295571,0.0702726,0.0483731,0.032823,0.0120135,0.00308747,0.000759049,0.000189705,0.000107451,6.0996e-05,1.33293e-05,4.76334e-06,2.04011e-06,1.08315e-06,4.45916e-07,2.05797e-07,1.31801e-07,6.81777e-08,2.94725e-08,1.45134e-08,5.88475e-09,3.71891e-09,6.60643e-09
"2012",9890.53,5641.94,4141.42,4494.59,8614.38,5169.31,3420.22,1336,766.331,343.489,218.319,96.4277,53.1988,34.7701,24.168,4.679,2.16276,0.790739,0.568671,0.208421,0.0495499,0.0341071,0.0231424,0.00847013,0.00217679,0.000535154,0.000133747,7.57553e-05,4.30032e-05,9.39737e-06,3.35821e-06,1.4383e-06,7.6363e-07,3.14374e-07,1.45088e-07,9.29205e-08,4.80656e-08,2.07783e-08,1.0232e-08,4.14877e-09,7.27939e-09
"2013",6381.69,8307.57,4738.96,3478.5,3769.59,7141.33,4154.8,2633.74,989.061,551.749,243.218,153.192,67.3443,37.0635,24.1934,16.8048,3.25218,1.5029,0.549416,0.395093,0.144796,0.0344226,0.0236938,0.0160764,0.00588391,0.00151213,0.000371746,9.2907e-05,5.2623e-05,2.98718e-05,6.52779e-06,2.33274e-06,9.99096e-07,5.30445e-07,2.18375e-07,1.00783e-07,6.45457e-08,3.3388e-08,1.44333e-08,7.10749e-09,7.93837e-09
"2014",6913.27,5360.31,6977.96,3980.3,2915.09,3108.68,5656.55,3117.25,1880.74,681.943,372.432,162.262,101.572,44.5074,24.4529,15.9467,11.0707,2.14179,0.989593,0.36173,0.260107,0.0953212,0.02266,0.015597,0.0105825,0.00387308,0.000995344,0.000244696,6.11541e-05,3.46379e-05,1.96623e-05,4.29673e-06,1.53546e-06,6.57623e-07,3.49148e-07,1.43738e-07,6.6337e-08,4.24849e-08,2.19764e-08,9.50017e-09,9.90338e-09
"2015",6875.54,5806.81,4502.4,5860.85,3334.94,2399.88,2451.07,4215.5,2210.12,1288.34,457.757,247.281,107.131,66.8679,29.2565,16.0608,10.4691,7.26603,1.40552,0.649352,0.237347,0.170661,0.0625401,0.0148669,0.0102328,0.00694278,0.00254097,0.000653,0.000160533,4.012e-05,2.2724e-05,1.28994e-05,2.81883e-06,1.00732e-06,4.31426e-07,2.29054e-07,9.42976e-08,4.35196e-08,2.78717e-08,1.44174e-08,1.27294e-08
"2016",6962.18,5775.12,4877.44,3781.51,4907.84,2745.42,1901.33,1842.24,3007.14,1513.17,857.998,299.703,160.279,69.0307,42.9369,18.7464,10.2775,6.69361,4.64325,0.89789,0.414732,0.151565,0.108967,0.0399282,0.00949095,0.00653218,0.0044318,0.00162193,0.000416806,0.000102465,2.56074e-05,1.45038e-05,8.23307e-06,1.79912e-06,6.42917e-07,2.75354e-07,1.46191e-07,6.01842e-08,2.77757e-08,1.77886e-08,1.73259e-08
"2017",7535.56,5847.89,4850.82,4096.57,3168.17,4052.26,2193.33,1451.08,1342.69,2112.36,1036.37,578.395,200.124,106.423,45.6809,28.3548,12.3637,6.7726,4.40864,3.05723,0.59106,0.272963,0.0997427,0.071703,0.0262718,0.00624449,0.0042976,0.00291564,0.00106702,0.0002742,6.74065e-05,1.68456e-05,9.54111e-06,5.41594e-06,1.1835e-06,4.22923e-07,1.81133e-07,9.61668e-08,3.95899e-08,1.82712e-08,2.30987e-08
"2018",8506.13,6329.51,4911.95,4074.13,3430.05,2606.25,3203.34,1641.24,1028.13,911.204,1392.33,670.883,370.43,127.364,67.4778,28.8984,17.9121,7.80316,4.27202,2.77993,1.9273,0.372542,0.172024,0.0628525,0.0451799,0.0165528,0.00393422,0.00270752,0.00183682,0.000672197,0.000172736,4.24631e-05,1.06118e-05,6.01034e-06,3.4117e-06,7.45527e-07,2.66412e-07,1.141e-07,6.0578e-08,2.49386e-08,2.60598e-08
